{"cameraMode":{"drawMode":0,"name":"Shaded","section":"Shading Mode"},"sceneLighting":true,"audioPlay":false,"sceneViewState":{"showFog":true,"showMaterialUpdate":false,"showSkybox":true,"showFlares":true,"showImageEffects":true,"showParticleSystems":true},"in2DMode":false,"pivot":{"x":624.6246948242188,"y":336.9272766113281,"z":-0.227325439453125},"rotation":{"x":0.00013684152509085834,"y":0.9998632669448853,"z":0.011689648032188416,"w":-0.011697747744619847},"size":233.34524536132813,"orthographic":false}